"","City","State","Region","Month","Year","summedSaleByCustomer","predicted.value","Latitude2","Longitude2"
"1","Philadelphia","Pennsylvania","East",12,2012,53.232,550.202522576481,40.09146,-74.97719
"2","Omaha","Nebraska","Central",9,2013,1940.053,12.6327531392308,41.240562,-95.93353
"3","Houston","Texas","Central",12,2014,108.13,528.418704943819,29.55283,-95.10265
"4","Philadelphia","Pennsylvania","East",10,2014,114.376,56.3469461090572,40.09146,-74.97719
"5","Seattle","Washington","West",10,2012,4.8438,351.696072172315,47.432251,-121.803388
"6","Concord","North Carolina","South",2,2013,405.344,447.538483704076,35.346285,-80.541088
"7","Jacksonville","North Carolina","South",7,2014,61.6918,1226.40075862281,34.781212,-77.3756
"8","Salem","Virginia","South",6,2014,49.12,1954.71220096895,37.288384,-80.067062
"9","Dallas","Texas","Central",9,2014,108.4,-245.526798263105,32.922499,-96.535191
"10","Los Angeles","California","West",12,2012,128.52,-71.0545849445189,33.997492,-118.15284
"11","Philadelphia","Pennsylvania","East",12,2014,18.704,622.991756323812,40.09146,-74.97719
"12","Houston","Texas","Central",7,2014,169.192,-377.403022210652,29.55283,-95.10265
"13","Salem","Oregon","West",12,2013,610.418,534.583632863665,44.984465,-122.457024
"14","Tucson","Arizona","West",7,2011,259.136,1524.79943115752,32.088034,-110.708174
"15","Dallas","Texas","Central",8,2012,76.1318,722.799522653324,32.922499,-96.535191
"16","Houston","Texas","Central",5,2012,901.762999999999,423.937643904792,29.55283,-95.10265
"17","Los Angeles","California","West",5,2013,87.84,532.189477609543,33.997492,-118.15284
"18","Los Angeles","California","West",12,2012,17.12,1183.99823091857,33.997492,-118.15284
"19","Columbus","Georgia","South",4,2013,12.84,466.401519592866,32.491005,-84.874123
"20","Philadelphia","Pennsylvania","East",12,2011,775.728,648.056098637302,40.09146,-74.97719
"21","Knoxville","Tennessee","South",3,2014,4.8438,124.591148466046,35.935134,-83.750258
"22","Louisville","Kentucky","South",9,2013,13.28,197.380411649865,38.270855,-85.48322
"23","Pasadena","Texas","Central",9,2014,372.446,-609.13684289818,29.624686,-95.06111
"24","Houston","Texas","Central",5,2013,303.92,-302.576267043638,29.55283,-95.10265
"25","San Francisco","California","West",10,2013,194.848,1346.08807663211,37.819423,-122.36966
"26","Concord","California","West",11,2013,61.12,1103.47085945326,37.777208,-121.955399
"27","Charlotte","North Carolina","South",8,2011,202.896,-519.628754432415,35.192919,-80.66822
"28","Minneapolis","Minnesota","Central",6,2013,692.94,-638.891414350976,45.168287,-93.20001
"29","Tucson","Arizona","West",3,2011,388.704,1143.35627483774,32.088034,-110.708174
"30","Austin","Texas","Central",12,2012,163.4198,1887.56690230432,30.335787,-97.443751
"31","Springfield","Virginia","South",11,2014,5.56,2027.35491752233,38.778243,-77.18562
"32","Chicago","Illinois","Central",5,2014,27.4518,235.525223642733,41.655423,-87.55365
"33","Los Angeles","California","West",9,2014,15.51,207.742347541323,33.997492,-118.15284
"34","Columbus","Ohio","East",10,2012,139.544,-7.86716444132617,39.924213,-82.86563
"35","Columbus","Ohio","East",12,2013,19.616,31.9956440106325,39.924213,-82.86563
"36","Salem","Oregon","West",3,2012,29.304,257.799407337254,44.984465,-122.457024
"37","Dallas","Texas","Central",8,2012,1005.244,645.030679516523,32.922499,-96.535191
"38","San Diego","California","West",12,2014,85.504,1175.38652877591,33.016928,-116.846046
"39","Seattle","Washington","West",12,2014,392.22,987.713994478981,47.432251,-121.803388
"40","Troy","Ohio","East",4,2012,901.762999999999,783.25649769693,40.036525,-84.20629
"41","Columbus","Indiana","Central",9,2013,33.4,569.187298028497,39.232235,-85.86356
"42","Cleveland","Ohio","East",5,2011,779.796,784.133850238039,41.513752,-81.47281
"43","Denver","Colorado","West",8,2011,223.5938,12.8862972855277,39.738752,-104.408349
"44","Philadelphia","Pennsylvania","East",4,2014,231.776,-125.534034584518,40.09146,-74.97719
"45","Los Angeles","California","West",3,2014,399.672,-476.51363707213,33.997492,-118.15284
"46","Clinton","Maryland","East",7,2012,1133.82,1657.00110524504,38.753264,-76.89913
"47","Fort Lauderdale","Florida","South",12,2014,19.104,-39.6072609846306,26.196911,-80.095165
"48","San Francisco","California","West",4,2013,891.962,587.937562987441,37.819423,-122.36966
"49","Greensboro","North Carolina","South",5,2014,39.252,-1580.92701838144,36.107499,-79.75242
"50","Houston","Texas","Central",10,2013,51.712,136.72402130744,29.55283,-95.10265
"51","Houston","Texas","Central",9,2012,90.2338,948.321389938035,29.55283,-95.10265
"52","Bristol","Connecticut","East",7,2011,456.2638,35.0187253885088,41.791776,-72.718832
"53","San Antonio","Texas","Central",2,2013,376.64,-457.923696239843,29.449332,-98.290394
"54","Oklahoma City","Oklahoma","Central",8,2013,10.56,-128.852533406927,35.535989,-97.202331
"55","San Diego","California","West",7,2011,176.494,490.81415918273,33.016928,-116.846046
"56","Seattle","Washington","West",8,2013,6.48,261.699570860175,47.432251,-121.803388
"57","Chesapeake","Virginia","South",11,2011,32.4,2289.97955158762,36.687543,-76.22905
"58","Los Angeles","California","West",3,2013,93.9,760.855499597499,33.997492,-118.15284
"59","Seattle","Washington","West",7,2013,127.28,1213.89682750858,47.432251,-121.803388
"60","Seattle","Washington","West",11,2014,354.77,1334.53808324692,47.432251,-121.803388
"61","San Francisco","California","West",11,2013,45.616,264.130928098195,37.819423,-122.36966
"62","Columbus","Ohio","East",11,2014,265.408,670.601319748501,39.924213,-82.86563
"63","Denver","Colorado","West",10,2013,227.658,631.644552473779,39.738752,-104.408349
"64","Houston","Texas","Central",7,2012,61.792,470.141942101502,29.55283,-95.10265
"65","Nashville","Tennessee","South",3,2013,31.086,394.778856209537,36.103408,-86.66616
"66","Philadelphia","Pennsylvania","East",7,2013,4.8438,656.360360750157,40.09146,-74.97719
"67","Chicago","Illinois","Central",12,2013,4.8438,1260.37291938365,41.655423,-87.55365
"68","Greensboro","North Carolina","South",3,2011,59.109,-872.88768006282,36.107499,-79.75242
"69","Lakewood","Ohio","East",8,2014,10.782,-366.615456891319,41.480881,-81.80036
"70","Philadelphia","Pennsylvania","East",3,2012,20.784,60.0531464283849,40.09146,-74.97719
"71","Philadelphia","Pennsylvania","East",7,2013,644.198,180.694402166715,40.09146,-74.97719
"72","Troy","Ohio","East",2,2014,1448.853,378.700011209192,40.036525,-84.20629
"73","Los Angeles","California","West",4,2013,24.7,882.12283936367,33.997492,-118.15284
"74","Providence","Rhode Island","East",9,2013,69.52,538.72953424725,41.83635,-71.39427
"75","Aurora","Illinois","Central",10,2014,719.095,1632.07763391401,41.839679,-88.088716
"76","Long Beach","New York","East",2,2013,34.38,-1651.26764902193,40.588154,-73.66517
"77","Nashville","Tennessee","South",9,2012,7.24,298.358222298732,36.103408,-86.66616
"78","Cleveland","Ohio","East",5,2013,1006.051,2156.08033748539,41.513752,-81.47281
"79","Los Angeles","California","West",5,2013,1157.68,1331.58200786535,33.997492,-118.15284
"80","Los Angeles","California","West",12,2012,1604.543,1655.22221220208,33.997492,-118.15284
"81","Phoenix","Arizona","West",5,2014,483.48,151.85191645271,33.422621,-111.723635
"82","San Francisco","California","West",3,2014,111.96,256.536925304943,37.819423,-122.36966
"83","Seattle","Washington","West",8,2014,994.464,385.563925908427,47.432251,-121.803388
"84","Chicago","Illinois","Central",8,2014,183.372,31.8823017263785,41.655423,-87.55365
"85","Los Angeles","California","West",10,2012,77.88,5.15225600740814,33.997492,-118.15284
"86","Philadelphia","Pennsylvania","East",11,2012,11.352,123.508064594498,40.09146,-74.97719
"87","Rochester","Minnesota","Central",12,2014,638.68,-541.239997707409,43.988708,-92.42937
"88","Seattle","Washington","West",8,2012,564.768,1022.06158883664,47.432251,-121.803388
"89","Miami","Florida","South",11,2012,917.908999999999,-231.38966628263,25.881391,-80.1276
"90","Chicago","Illinois","Central",8,2011,421.372,552.288560138666,41.655423,-87.55365
"91","Los Angeles","California","West",8,2011,451.104,-580.051462089978,33.997492,-118.15284
"92","Los Angeles","California","West",12,2014,11.76,1437.71714538784,33.997492,-118.15284
"93","San Diego","California","West",11,2012,139.816,1958.31616704875,33.016928,-116.846046
"94","Seattle","Washington","West",2,2014,138.432,1325.30934229429,47.432251,-121.803388
"95","Long Beach","California","West",6,2012,366.99,-1005.49854522388,33.823316,-118.11329
"96","Seattle","Washington","West",11,2014,47.1,-514.668604856313,47.432251,-121.803388
"97","Los Angeles","California","West",10,2012,270.34,82.4782833509671,33.997492,-118.15284
"98","Philadelphia","Pennsylvania","East",5,2013,743.988,-82.4168887554843,40.09146,-74.97719
"99","Chicago","Illinois","Central",9,2011,239.976,913.664687830838,41.655423,-87.55365
"100","Des Moines","Iowa","Central",3,2011,907.882999999999,563.344080003255,41.606939,-93.54829
"101","Fort Worth","Texas","Central",4,2014,253.3856,424.42528380068,32.830932,-97.04778
"102","San Francisco","California","West",9,2013,21.88,991.542239171875,37.819423,-122.36966
"103","Long Beach","New York","East",5,2012,7.56,-1176.12876155709,40.588154,-73.66517
"104","Columbus","Georgia","South",4,2013,7.04,783.010287485362,32.491005,-84.874123
"105","Dallas","Texas","Central",9,2013,15.008,523.451329563075,32.922499,-96.535191
"106","Detroit","Michigan","Central",12,2014,188.24,-256.843730364402,42.410487,-82.94348
"107","Houston","Texas","Central",3,2012,162.072,-471.471055585556,29.55283,-95.10265
"108","Dallas","Texas","Central",6,2014,464.373,-798.61706695662,32.922499,-96.535191
"109","Providence","Rhode Island","East",12,2013,1604.133,-1089.23224487524,41.83635,-71.39427
"110","San Diego","California","West",2,2011,117.136,-386.796812670669,33.016928,-116.846046
"111","Newark","Delaware","East",6,2011,65.97,-91.9506596252177,39.564499,-75.597047
"112","Oceanside","New York","East",12,2014,18.96,-1464.92519182146,40.636286,-73.6374
"113","Miami","Florida","South",6,2014,37.608,-262.772906412138,25.881391,-80.1276
"114","Chicago","Illinois","Central",3,2011,88.118,150.154946041803,41.655423,-87.55365
"115","Los Angeles","California","West",5,2014,15.7,-81.153293849231,33.997492,-118.15284
"116","Philadelphia","Pennsylvania","East",7,2012,458.072,-193.551433203611,40.09146,-74.97719
"117","Milwaukee","Wisconsin","Central",4,2013,901.762999999999,-594.537098823857,43.017412,-87.569664
"118","Detroit","Michigan","Central",12,2014,927.44,185.518743112625,42.410487,-82.94348
"119","Franklin","Tennessee","South",12,2013,84.8178,279.471432529099,35.921811,-86.7952
"120","Houston","Texas","Central",11,2011,155.372,334.920845871384,29.55283,-95.10265
"121","Roseville","California","West",7,2013,424.7438,2024.27979461648,38.731976,-121.2531
"122","Springfield","Oregon","West",10,2014,512.064,809.935288436027,44.070824,-122.90709
"123","Springfield","Virginia","South",2,2012,324.11,889.888389668704,38.778243,-77.18562
"124","Henderson","Kentucky","South",12,2012,436.86,-282.381920417844,37.825094,-87.56055
"125","Springfield","Oregon","West",8,2012,277.5,350.738507819056,44.070824,-122.90709
"126","Philadelphia","Pennsylvania","East",9,2013,71.156,364.973412300373,40.09146,-74.97719
"127","Philadelphia","Pennsylvania","East",12,2012,487.1838,527.056722064342,40.09146,-74.97719
"128","Rochester","New York","East",12,2014,13.464,582.025482373341,43.143663,-77.51114
"129","Marion","Ohio","East",12,2012,594.002,1571.81325483405,40.616604,-83.069296
"130","Seattle","Washington","West",7,2014,297.99,615.484361165174,47.432251,-121.803388
"131","Greensboro","North Carolina","South",5,2013,187.056,-2089.74073889693,36.107499,-79.75242
"132","Miami","Florida","South",9,2014,12.294,-890.482151313263,25.881391,-80.1276
"133","Minneapolis","Minnesota","Central",5,2012,545.91,1553.01328798149,45.168287,-93.20001
"134","Oceanside","California","West",9,2012,204.6,2245.59602107787,33.016928,-116.846046
"135","Columbia","Maryland","East",9,2011,587.14,-36.3424593821837,39.207523,-76.82527
"136","Moreno Valley","California","West",12,2013,884.68,2937.47835933753,33.521993,-115.915905
"137","San Francisco","California","West",6,2013,22.14,1231.13333517291,37.819423,-122.36966
"138","Seattle","Washington","West",4,2013,8.32,1077.43577027408,47.432251,-121.803388
"139","Columbus","Ohio","East",10,2011,212.952,572.195014404584,39.924213,-82.86563
"140","Los Angeles","California","West",5,2013,17.34,316.851330315912,33.997492,-118.15284
"141","Seattle","Washington","West",3,2012,73.28,568.472955202291,47.432251,-121.803388
"142","Los Angeles","California","West",11,2014,57.568,297.939396029979,33.997492,-118.15284
"143","Houston","Texas","Central",2,2011,16.448,-393.135668569666,29.55283,-95.10265
"144","Houston","Texas","Central",3,2014,89.568,-475.493361429704,29.55283,-95.10265
"145","Aurora","Illinois","Central",5,2012,107.754,642.626788623034,41.839679,-88.088716
"146","Los Angeles","California","West",7,2011,180.96,-588.782565873131,33.997492,-118.15284
"147","Aurora","Illinois","Central",11,2013,242.176,2442.10137542558,41.839679,-88.088716
"148","Chicago","Illinois","Central",12,2012,12.672,1359.6425679604,41.655423,-87.55365
"149","Columbus","Georgia","South",3,2013,92.7,1112.65573680523,32.491005,-84.874123
"150","Houston","Texas","Central",9,2012,134.376,756.707433541582,29.55283,-95.10265
"151","Long Beach","New York","East",5,2012,87.1,-520.259131153653,40.588154,-73.66517
"152","Los Angeles","California","West",9,2013,276.784,1248.42581659259,33.997492,-118.15284
"153","Oceanside","New York","East",11,2012,1170.72,-213.006707621156,40.636286,-73.6374
"154","Albuquerque","New Mexico","West",9,2014,27.18,-269.001116192827,35.108573,-106.243911
"155","Houston","Texas","Central",11,2013,448.418,248.864920721157,29.55283,-95.10265
"156","Knoxville","Tennessee","South",7,2011,4.8438,917.704819893799,35.935134,-83.750258
"157","Springfield","Oregon","West",2,2011,64.864,605.343768312348,44.070824,-122.90709
"158","Lakeville","Minnesota","Central",6,2011,2044.046,-219.556420364635,44.669564,-93.26654
"159","Columbia","South Carolina","South",5,2012,186.69,-753.573231644579,34.091966,-80.87343
"160","San Diego","California","West",10,2012,57.504,1031.80500567624,33.016928,-116.846046
"161","Miami","Florida","South",2,2014,419.136,-786.292466743296,25.881391,-80.1276
"162","Nashville","Tennessee","South",7,2012,5.16,20.7663274498627,36.103408,-86.66616
"163","Chicago","Illinois","Central",7,2014,526.344,-762.820504492454,41.655423,-87.55365
"164","San Francisco","California","West",5,2013,122.22,-627.619532667784,37.819423,-122.36966
"165","Fairfield","California","West",12,2014,34.624,3216.68778754228,38.269582,-122.03701
"166","Austin","Texas","Central",11,2012,335.52,1272.51761644057,30.335787,-97.443751
"167","Houston","Texas","Central",10,2011,5.312,575.666352741391,29.55283,-95.10265
"168","Columbus","Georgia","South",12,2013,299.07,442.118245544814,32.491005,-84.874123
"169","Houston","Texas","Central",11,2011,23.68,387.722587432334,29.55283,-95.10265
"170","Houston","Texas","Central",12,2012,100.8,387.196172241107,29.55283,-95.10265
"171","Los Angeles","California","West",2,2014,57.51,50.6401306795597,33.997492,-118.15284
"172","Seattle","Washington","West",12,2013,66.92,786.932439284195,47.432251,-121.803388
"173","Chicago","Illinois","Central",2,2014,22.992,-148.286357995385,41.655423,-87.55365
"174","San Francisco","California","West",3,2013,930.042999999999,108.082284758857,37.819423,-122.36966
"175","Watertown","New York","East",8,2014,1358.484,119.47583611132,44.030204,-75.81845
"176","Houston","Texas","Central",11,2013,302.8356,521.65700653111,29.55283,-95.10265
"177","Los Angeles","California","West",5,2014,68.46,387.573498376732,33.997492,-118.15284
"178","Memphis","Tennessee","South",5,2014,25.92,175.464566843977,35.177475,-89.776835
"179","Philadelphia","Pennsylvania","East",11,2013,78.759,748.791064014178,40.09146,-74.97719
"180","Lakewood","California","West",10,2011,321.552,460.498978962918,33.840965,-118.07775
"181","Philadelphia","Pennsylvania","East",11,2012,748.752,-400.50015840221,40.09146,-74.97719
"182","Rochester","New York","East",4,2012,156.71,-546.4246859267,43.143663,-77.51114
"183","San Francisco","California","West",2,2014,142.344,-559.397482852844,37.819423,-122.36966
"184","San Diego","California","West",2,2011,426.67,1633.6296604949,33.016928,-116.846046
"185","Franklin","Massachusetts","East",12,2013,1516.862,-1245.45570423116,42.089104,-71.4069
"186","Seattle","Washington","West",11,2014,43.5,639.046338344837,47.432251,-121.803388
"187","Chicago","Illinois","Central",9,2014,42.616,120.121323387371,41.655423,-87.55365
"188","Los Angeles","California","West",12,2014,51.99,51.9492236427614,33.997492,-118.15284
"189","San Francisco","California","West",12,2014,261.52,416.352774593557,37.819423,-122.36966
"190","Tempe","Arizona","West",10,2013,307.92,-533.253008141561,33.426885,-111.92733
"191","Long Beach","California","West",9,2011,7.16,592.646642970663,33.823316,-118.11329
"192","Los Angeles","California","West",9,2012,106.68,630.961670618359,33.997492,-118.15284
"193","San Antonio","Texas","Central",2,2012,80.88,534.829488881092,29.449332,-98.290394
"194","Aurora","Illinois","Central",3,2014,7.992,2057.77881742279,41.839679,-88.088716
"195","Franklin","Tennessee","South",5,2014,20.768,622.278992236403,35.921811,-86.7952
"196","Los Angeles","California","West",9,2014,369.536,947.010718664969,33.997492,-118.15284
"197","San Francisco","California","West",9,2013,8.928,1352.32990845018,37.819423,-122.36966
"198","Knoxville","Tennessee","South",10,2011,426.942,623.490873919392,35.935134,-83.750258
"199","Long Beach","New York","East",11,2012,901.762999999999,-1624.47727681714,40.588154,-73.66517
"200","Seattle","Washington","West",3,2012,2013.226,-8.06294061640801,47.432251,-121.803388
"201","Quincy","Massachusetts","East",7,2014,283.46,-572.233615015983,42.250739,-70.99593
"202","Lawrence","Massachusetts","East",12,2013,126.9638,268.257034037466,42.635443,-70.879123
"203","Columbus","Georgia","South",2,2012,74.52,331.055182968572,32.491005,-84.874123
"204","Dallas","Texas","Central",6,2014,164.768,-50.7242762657261,32.922499,-96.535191
"205","Philadelphia","Pennsylvania","East",9,2012,673.576,201.714521996779,40.09146,-74.97719
"206","San Francisco","California","West",6,2014,74.88,769.056020988879,37.819423,-122.36966
"207","Auburn","New York","East",10,2014,46.96,869.681864214886,43.163364,-76.509567
"208","Fort Worth","Texas","Central",12,2013,18.72,544.966462258395,32.830932,-97.04778
"209","Los Angeles","California","West",7,2013,195.184,302.871991412496,33.997492,-118.15284
"210","Los Angeles","California","West",9,2012,52.98,424.566077533294,33.997492,-118.15284
"211","Los Angeles","California","West",12,2012,51.6,545.733748462852,33.997492,-118.15284
"212","Monroe","North Carolina","South",11,2012,207,-39.9948985126975,34.936388,-80.5382
"213","Newark","Ohio","East",4,2011,211.576,-9.29664341386524,40.079115,-82.40054
"214","Bloomington","Illinois","Central",11,2014,54.336,-937.006315313964,40.810131,-88.477739
"215","Chicago","Illinois","Central",11,2013,160.384,-294.497538812953,41.655423,-87.55365
"216","Los Angeles","California","West",10,2011,1007.936,-442.395255461481,33.997492,-118.15284
"217","Seattle","Washington","West",11,2014,13.904,-233.268514983196,47.432251,-121.803388
"218","Seattle","Washington","West",6,2011,925.902999999999,-1459.50441682244,47.432251,-121.803388
"219","Tucson","Arizona","West",12,2012,757.712,80.7189171897044,32.088034,-110.708174
"220","Dallas","Texas","Central",11,2012,479.988,-423.614464195722,32.922499,-96.535191
"221","Plano","Texas","Central",9,2014,9.856,59.3864192589535,33.19359,-96.569879
"222","San Diego","California","West",12,2011,1473.923,407.532331096561,33.016928,-116.846046
"223","San Francisco","California","West",4,2014,18.28,-153.081791236647,37.819423,-122.36966
"224","Franklin","Massachusetts","East",12,2011,177.17,-616.367693105291,42.089104,-71.4069
"225","Chicago","Illinois","Central",5,2013,7.072,709.189970362859,41.655423,-87.55365
"226","Hollywood","Florida","South",10,2012,9.952,982.242263878987,26.018967,-80.12231
"227","Wilmington","Delaware","East",11,2011,1147.303,161.217034793241,39.771663,-75.49656
"228","Lawrence","Massachusetts","East",9,2011,46.26,1156.34543752813,42.635443,-70.879123
"229","Los Angeles","California","West",3,2014,381.36,1102.55810542674,33.997492,-118.15284
"230","Chicago","Illinois","Central",11,2012,17.496,1875.31224238899,41.655423,-87.55365
"231","Springfield","Ohio","East",9,2014,296.952,1585.72596687189,39.94831,-83.78205
"232","Philadelphia","Pennsylvania","East",12,2014,14.2,115.863172814919,40.09146,-74.97719
"233","San Francisco","California","West",7,2012,226.13,282.185298274693,37.819423,-122.36966
"234","Baltimore","Maryland","East",9,2013,344.94,634.312788681302,39.341107,-76.54085
"235","Fort Lauderdale","Florida","South",11,2013,447.783,294.050142169523,26.196911,-80.095165
"236","Indianapolis","Indiana","Central",12,2014,43.85,163.371948597953,39.888225,-85.97041
"237","Memphis","Tennessee","South",5,2013,380.3076,384.945292110002,35.177475,-89.776835
"238","Los Angeles","California","West",2,2013,39.68,-697.896277007647,33.997492,-118.15284
"239","Los Angeles","California","West",12,2013,802.02,-294.004040575761,33.997492,-118.15284
"240","Fort Worth","Texas","Central",10,2011,906.606799999999,689.845468821877,32.830932,-97.04778
"241","Los Angeles","California","West",5,2012,901.762999999999,406.835359141565,33.997492,-118.15284
"242","Los Angeles","California","West",12,2012,418.192,389.708966073871,33.997492,-118.15284
"243","Philadelphia","Pennsylvania","East",10,2014,456.512,305.065826062579,40.09146,-74.97719
"244","Burlington","North Carolina","South",4,2014,25.8358,-42.0670533305383,36.046677,-79.389631
"245","Los Angeles","California","West",10,2012,569.336,172.262186189182,33.997492,-118.15284
"246","Jackson","Michigan","Central",10,2012,70.12,418.03923045026,42.252847,-84.213755
"247","Tucson","Arizona","West",2,2014,100.922,1218.45922123786,32.088034,-110.708174
"248","Los Angeles","California","West",12,2014,11.808,514.704225472728,33.997492,-118.15284
"249","Miami","Florida","South",6,2012,13.632,-409.448350135906,25.881391,-80.1276
"250","Detroit","Michigan","Central",9,2012,42.32,82.400303751303,42.410487,-82.94348
"251","San Diego","California","West",2,2014,238.198,413.213310653286,33.016928,-116.846046
"252","Seattle","Washington","West",8,2014,1745.663,467.876118215499,47.432251,-121.803388
"253","Houston","Texas","Central",11,2014,55.176,307.759341858706,29.55283,-95.10265
"254","Columbus","Indiana","Central",8,2014,1093.143,538.124581979719,39.232235,-85.86356
"255","San Francisco","California","West",8,2011,19.752,640.974454294468,37.819423,-122.36966
"256","Wilmington","Delaware","East",2,2012,1191.363,505.98050839467,39.771663,-75.49656
"257","Florence","Alabama","South",12,2011,1061.793,591.527900896603,34.888897,-87.60731
"258","Philadelphia","Pennsylvania","East",11,2012,11.61,1133.52904669527,40.09146,-74.97719
"259","Springfield","Oregon","West",9,2011,318.293,1392.82185600443,44.070824,-122.90709
"260","Lawrence","Massachusetts","East",8,2014,387.99,-591.162837081967,42.635443,-70.879123
"261","Los Angeles","California","West",2,2013,93.02,-481.287613845721,33.997492,-118.15284
"262","Milwaukee","Wisconsin","Central",10,2014,60.72,-191.332030713689,43.017412,-87.569664
"263","Columbia","Maryland","East",3,2014,174.3,-1322.50508691109,39.207523,-76.82527
"264","Roseville","Michigan","Central",9,2014,17.48,-519.437976181624,42.503285,-82.93851
"265","Atlanta","Georgia","South",5,2014,195.64,597.161176397349,33.891251,-84.07456
"266","Rochester","Minnesota","Central",3,2014,375.71,-370.23122846245,43.988708,-92.42937
"267","Los Angeles","California","West",5,2013,222.384,-187.403703025222,33.997492,-118.15284
"268","Milwaukee","Wisconsin","Central",9,2014,438.01,-59.0050144659472,43.017412,-87.569664
"269","San Diego","California","West",11,2014,523.392,493.17296763476,33.016928,-116.846046
"270","Houston","Texas","Central",10,2012,186.672,2099.99315596999,29.55283,-95.10265
"271","Fayetteville","Arkansas","South",9,2014,726.91,649.128595706221,36.107078,-94.11592
"272","Florence","Kentucky","South",6,2014,740.59,-454.249370045538,38.983853,-84.64401
"273","Louisville","Colorado","West",6,2011,196.752,261.854141156335,39.963322,-105.15053
"274","Newark","Ohio","East",11,2012,412.682,-129.567379088505,40.079115,-82.40054
"275","San Diego","California","West",10,2013,154.44,541.116967634793,33.016928,-116.846046
"276","Austin","Texas","Central",9,2014,73.56,648.838148931362,30.335787,-97.443751
"277","Baltimore","Maryland","East",7,2014,89.95,-104.44883424048,39.341107,-76.54085
"278","Columbia","South Carolina","South",7,2013,85.5,-916.969704120158,34.091966,-80.87343
"279","San Diego","California","West",10,2012,1446.784,702.005411527396,33.016928,-116.846046
"280","Chicago","Illinois","Central",6,2011,62.016,1120.15328012691,41.655423,-87.55365
"281","Saint Charles","Missouri","Central",8,2011,11.56,768.519073626259,38.808583,-90.50687
"282","Los Angeles","California","West",10,2011,13.44,-202.061998237696,33.997492,-118.15284
"283","Portland","Oregon","West",10,2012,357.462,-481.26059169347,45.173284,-122.259861
"284","Seattle","Washington","West",12,2012,9.6876,129.2852435526,47.432251,-121.803388
"285","Waterbury","Connecticut","East",2,2014,4.8438,-134.240703886215,41.365709,-72.927507
"286","Los Angeles","California","West",12,2012,1577.723,-700.875695857409,33.997492,-118.15284
"287","Los Angeles","California","West",12,2014,695.944,-782.706973526234,33.997492,-118.15284
"288","Providence","Rhode Island","East",12,2014,916.14,-25.6235995253082,41.83635,-71.39427
"289","Houston","Texas","Central",5,2014,54.368,-361.767585072885,29.55283,-95.10265
"290","Chicago","Illinois","Central",3,2012,7.104,209.101391360993,41.655423,-87.55365
"291","Arlington","Virginia","South",9,2012,1056.663,-530.954109301398,38.86045,-77.051569
"292","Hialeah","Florida","South",10,2013,36.364,-2038.25901710858,25.860373,-80.27174
"293","San Francisco","California","West",10,2014,1193.415,-516.476881484137,37.819423,-122.36966
"294","San Francisco","California","West",8,2014,206.67,732.174214050625,37.819423,-122.36966
"295","Seattle","Washington","West",10,2014,911.82,442.465107418408,47.432251,-121.803388
"296","Cleveland","Ohio","East",12,2012,20.736,1402.36722063762,41.513752,-81.47281
"297","Philadelphia","Pennsylvania","East",4,2012,7.968,332.721686815989,40.09146,-74.97719
"298","San Francisco","California","West",9,2011,5.67,862.020409873236,37.819423,-122.36966
"299","Seattle","Washington","West",7,2014,1871.498,585.575928471153,47.432251,-121.803388
"300","Chicago","Illinois","Central",2,2014,605.752,1048.34926471423,41.655423,-87.55365
"301","Philadelphia","Pennsylvania","East",10,2012,85.68,1341.9211457983,40.09146,-74.97719
"302","Houston","Texas","Central",9,2011,35.9478,2819.10164996517,29.55283,-95.10265
"303","Jackson","Tennessee","South",12,2014,1057.155,4902.76052351393,35.693101,-88.80653
"304","Wilmington","North Carolina","South",4,2014,28.08,2052.30517900732,34.212707,-77.792177
"305","Houston","Texas","Central",7,2011,26.632,421.772180242828,29.55283,-95.10265
"306","San Francisco","California","West",3,2012,1337.023,732.870670325632,37.819423,-122.36966
"307","Carlsbad","New Mexico","West",12,2014,127.6538,-616.533830212749,32.408311,-104.29134
"308","Los Angeles","California","West",10,2014,261.536,-95.372568528066,33.997492,-118.15284
"309","Arlington","Virginia","South",12,2012,36.27,1001.09291608307,38.86045,-77.051569
"310","Aurora","Colorado","West",6,2012,125.944,620.854377955417,39.80797,-104.407918
"311","Louisville","Kentucky","South",4,2011,1000.95,836.501585805992,38.270855,-85.48322
"312","San Francisco","California","West",11,2012,62.8,1053.777737397,37.819423,-122.36966
"313","Watertown","New York","East",9,2011,90.61,864.278000915976,44.030204,-75.81845
"314","Buffalo","New York","East",11,2011,199.9,464.972210218883,42.977456,-78.73356
"315","Richmond","Kentucky","South",11,2011,75.16,-357.713269114276,37.745999,-84.28433
"316","San Francisco","California","West",10,2014,652.505,451.472998101526,37.819423,-122.36966
"317","Seattle","Washington","West",11,2014,18.368,418.943104132253,47.432251,-121.803388
"318","Los Angeles","California","West",4,2013,156.516,-114.56483897008,33.997492,-118.15284
"319","Los Angeles","California","West",11,2012,901.762999999999,209.075365366647,33.997492,-118.15284
"320","Memphis","Tennessee","South",9,2014,243.92,-165.643291121305,35.177475,-89.776835
"321","Chester","Pennsylvania","East",5,2012,572.6398,695.32237359618,39.84697,-75.37444
"322","Roseville","California","West",11,2012,4.8438,2144.07095183554,38.731976,-121.2531
"323","Glendale","Arizona","West",7,2013,33.8,-1101.88739757582,33.594069,-112.17531
"324","Columbus","Ohio","East",12,2013,12.957,-320.982213450581,39.924213,-82.86563
"325","Los Angeles","California","West",12,2013,487.704,-292.548501654484,33.997492,-118.15284
"326","San Diego","California","West",7,2012,22.848,25.5779865992517,33.016928,-116.846046
"327","Columbus","Ohio","East",3,2011,362.242,-79.853907826604,39.924213,-82.86563
"328","Houston","Texas","Central",12,2014,303.372,179.867559185106,29.55283,-95.10265
"329","San Francisco","California","West",10,2014,39.624,612.660135388694,37.819423,-122.36966
"330","Lawrence","Massachusetts","East",4,2012,281.16,550.008135774857,42.635443,-70.879123
"331","Sacramento","California","West",10,2014,1143.687,859.797157077584,38.498156,-121.2651
"332","Louisville","Kentucky","South",12,2013,4.8438,635.621320668826,38.270855,-85.48322
"333","Raleigh","North Carolina","South",7,2014,194.848,-541.516185741581,35.88224,-78.413371
"334","Jacksonville","North Carolina","South",3,2012,1210.062,43.3669788084808,34.781212,-77.3756
"335","Los Angeles","California","West",11,2012,190.72,832.381373643017,33.997492,-118.15284
"336","Philadelphia","Pennsylvania","East",11,2012,24.4,910.347958586921,40.09146,-74.97719
"337","Indianapolis","Indiana","Central",5,2012,12.39,-1523.11773566999,39.888225,-85.97041
"338","Los Angeles","California","West",3,2014,510.824,-1010.23625891248,33.997492,-118.15284
"339","Minneapolis","Minnesota","Central",2,2012,99.26,-1514.13362821922,45.168287,-93.20001
"340","Fremont","Nebraska","Central",12,2013,79.8,-832.014611883424,41.434796,-96.48869
"341","Houston","Texas","Central",8,2011,15.552,-517.44408917801,29.55283,-95.10265
"342","Lafayette","Louisiana","South",4,2011,364.93,-1075.17293454397,30.156506,-92.000019
"343","San Francisco","California","West",4,2012,54.45,-206.345599095221,37.819423,-122.36966
"344","Seattle","Washington","West",2,2013,149.9,-400.958802828478,47.432251,-121.803388
"345","Henderson","Kentucky","South",12,2012,596.48,1222.71307317178,37.825094,-87.56055
"346","Philadelphia","Pennsylvania","East",6,2013,64.784,1323.12289005988,40.09146,-74.97719
"347","San Francisco","California","West",6,2013,17.12,1609.55985606677,37.819423,-122.36966
"348","Chicago","Illinois","Central",12,2012,775.01,200.414839250996,41.655423,-87.55365
"349","Los Angeles","California","West",12,2011,90.24,51.9907074112416,33.997492,-118.15284
"350","Jackson","Michigan","Central",12,2012,993.92,3.0527903168695,42.252847,-84.213755
"351","Los Angeles","California","West",9,2014,99.87,-624.869165005337,33.997492,-118.15284
"352","Philadelphia","Pennsylvania","East",8,2014,17.544,-587.291803704618,40.09146,-74.97719
"353","San Jose","California","West",9,2013,291.146,1199.62612227659,37.189396,-121.705327
"354","San Jose","California","West",12,2013,203.108,1320.79379320615,37.189396,-121.705327
"355","Aurora","Colorado","West",7,2011,209.968,488.043980654198,39.80797,-104.407918
"356","Dallas","Texas","Central",11,2014,267.7912,421.954384278361,32.922499,-96.535191
"357","Philadelphia","Pennsylvania","East",12,2014,11.352,511.783457585654,40.09146,-74.97719
"358","Arlington","Virginia","South",7,2013,7.7,1267.12046369819,38.86045,-77.051569
"359","Chicago","Illinois","Central",7,2013,911.010999999999,1147.97596526446,41.655423,-87.55365
"360","Houston","Texas","Central",5,2011,182.076,810.52155243358,29.55283,-95.10265
"361","Philadelphia","Pennsylvania","East",4,2014,25.472,874.519469770225,40.09146,-74.97719
"362","Arlington","Virginia","South",6,2012,1046.47,-220.972245479104,38.86045,-77.051569
"363","Charlotte","North Carolina","South",11,2011,967.362999999999,1.00612688806723,35.192919,-80.66822
"364","Baltimore","Maryland","East",12,2012,677.93,-1405.81270031336,39.341107,-76.54085
"365","Philadelphia","Pennsylvania","East",12,2014,4.8438,-1285.37906350406,40.09146,-74.97719
"366","Springfield","Missouri","Central",11,2013,119.26,-1673.85157161481,37.859361,-92.705545
"367","San Jose","California","West",12,2011,11.76,1968.31323574463,37.189396,-121.705327
"368","Houston","Texas","Central",4,2011,699.2298,-1886.05912098719,29.55283,-95.10265
"369","Columbus","Ohio","East",12,2011,119.8,779.332154882708,39.924213,-82.86563
"370","Houston","Texas","Central",4,2014,68.712,212.737688490903,29.55283,-95.10265
"371","Columbus","Georgia","South",9,2014,80.48,237.84848718383,32.491005,-84.874123
"372","Dallas","Texas","Central",5,2014,204.6664,-385.213483527157,32.922499,-96.535191
"373","Houston","Texas","Central",9,2013,1020.89,-360.435157938948,29.55283,-95.10265
"374","San Francisco","California","West",11,2012,32.04,1298.96753978501,37.819423,-122.36966
"375","Detroit","Michigan","Central",5,2013,1360.433,-674.649097241505,42.410487,-82.94348
"376","Memphis","Tennessee","South",4,2011,661.504,-629.10409231075,35.177475,-89.776835
"377","Columbus","Ohio","East",4,2011,592.568,-1021.10692591711,39.924213,-82.86563
"378","Seattle","Washington","West",5,2014,805.99,-783.546473642724,47.432251,-121.803388
"379","Aurora","Colorado","West",11,2012,36.882,583.174411136832,39.80797,-104.407918
"380","San Francisco","California","West",5,2012,460.844,571.816310503345,37.819423,-122.36966
"381","Los Angeles","California","West",11,2014,132.36,1112.00325894068,33.997492,-118.15284
"382","Roseville","California","West",10,2013,257.0198,2896.10932257942,38.731976,-121.2531
"383","Pasadena","Texas","Central",8,2013,1061.747,-628.406995064681,29.624686,-95.06111
"384","Los Angeles","California","West",9,2014,298,-1332.93599944889,33.997492,-118.15284
"385","Richmond","Kentucky","South",2,2013,866.4,-2182.66378252824,37.745999,-84.28433
"386","Cleveland","Ohio","East",9,2014,92.032,998.488809001035,41.513752,-81.47281
"387","Dallas","Texas","Central",12,2014,66.284,323.684885590352,32.922499,-96.535191
"388","San Francisco","California","West",12,2014,28.47,659.561701261351,37.819423,-122.36966
"389","Arlington","Virginia","South",5,2013,641.96,369.23393726768,38.86045,-77.051569
"390","Columbus","Ohio","East",2,2012,107.982,-226.606863118053,39.924213,-82.86563
"391","Dallas","Texas","Central",7,2013,492.28,-80.8969356502639,32.922499,-96.535191
"392","Jackson","Michigan","Central",12,2013,132.809,517.445454009707,42.252847,-84.213755
"393","Los Angeles","California","West",5,2013,121.436,-190.202118216432,33.997492,-118.15284
"394","Los Angeles","California","West",6,2012,205.73,-108.897255738833,33.997492,-118.15284
"395","San Francisco","California","West",12,2013,321.568,456.925998236678,37.819423,-122.36966
"396","Lafayette","Louisiana","South",2,2014,29.16,-1063.57202891272,30.156506,-92.000019
"397","Rochester","New York","East",4,2011,17.46,-99.9406188690045,43.143663,-77.51114
"398","Aurora","Illinois","Central",2,2014,1012.162,-443.256412167757,41.839679,-88.088716
"399","Lafayette","Indiana","Central",12,2014,375.34,-603.409827010648,40.41836,-86.81847
"400","Phoenix","Arizona","West",10,2013,54.792,-1253.39032999259,33.422621,-111.723635
"401","Los Angeles","California","West",2,2013,114.46,1120.8761805083,33.997492,-118.15284
"402","Los Angeles","California","West",9,2013,1614.843,1403.60074601063,33.997492,-118.15284
"403","Nashville","Tennessee","South",12,2014,649,1461.79475308181,36.103408,-86.66616
"404","Houston","Texas","Central",9,2013,547.997,538.359303682024,29.55283,-95.10265
"405","Dallas","Texas","Central",7,2014,396.394,-155.197935785356,32.922499,-96.535191
"406","Denver","Colorado","West",7,2013,2334.8118,-210.725926492785,39.738752,-104.408349
"407","Dallas","Texas","Central",11,2014,256.36,425.182112995622,32.922499,-96.535191
"408","Houston","Texas","Central",7,2013,9.264,126.846649438317,29.55283,-95.10265
"409","Bloomington","Illinois","Central",10,2012,5.176,-192.900558271373,40.810131,-88.477739
"410","Columbus","Ohio","East",11,2014,220.752,149.477042899322,39.924213,-82.86563
"411","Jacksonville","North Carolina","South",11,2013,18.48,291.318765734672,34.781212,-77.3756
"412","San Antonio","Texas","Central",3,2013,632.5088,82.3049881493935,29.449332,-98.290394
"413","Deltona","Florida","South",7,2011,581.104,803.899725044306,29.022729,-81.172169
"414","Chicago","Illinois","Central",10,2014,34.24,262.440214471324,41.655423,-87.55365
"415","Houston","Texas","Central",8,2013,14.896,-115.929837193966,29.55283,-95.10265
"416","Los Angeles","California","West",9,2011,64.152,220.793964510609,33.997492,-118.15284
"417","Houston","Texas","Central",5,2013,19.136,-2116.85682401183,29.55283,-95.10265
"418","Seattle","Washington","West",3,2013,167.888,126.430480266703,47.432251,-121.803388
"419","Chicago","Illinois","Central",12,2011,4.8438,-257.940771007328,41.655423,-87.55365
"420","Cincinnati","Ohio","East",2,2014,290.781,-597.596212209828,38.946921,-83.862877
"421","Fremont","Nebraska","Central",12,2013,33.9,-1072.57543149882,41.434796,-96.48869
"422","Los Angeles","California","West",12,2012,9.96,-488.196180515908,33.997492,-118.15284
"423","Philadelphia","Pennsylvania","East",7,2012,269.982,-612.175713787947,40.09146,-74.97719
"424","Seattle","Washington","West",9,2012,353.88,-317.879418107128,47.432251,-121.803388
"425","Jackson","Mississippi","South",7,2011,514.03,721.515964093225,32.313127,-89.799625
"426","Los Angeles","California","West",12,2011,695.2478,498.539075585344,33.997492,-118.15284
"427","Chicago","Illinois","Central",9,2014,40.68,480.421357083891,41.655423,-87.55365
"428","Los Angeles","California","West",11,2014,323.71,371.860033696095,33.997492,-118.15284
"429","Philadelphia","Pennsylvania","East",10,2014,481.472,409.437394996814,40.09146,-74.97719
"430","Newark","Delaware","East",11,2012,33.48,792.300949385593,39.564499,-75.597047
"431","Seattle","Washington","West",9,2011,92.52,1134.48622705437,47.432251,-121.803388
"432","Dallas","Texas","Central",6,2014,738.7052,-353.041644773955,32.922499,-96.535191
"433","Seattle","Washington","West",2,2014,11.22,-251.640841288172,47.432251,-121.803388
"434","Newark","Ohio","East",10,2011,93.888,-302.288411318747,40.079115,-82.40054
"435","Los Angeles","California","West",9,2014,702.52,1151.55675691472,33.997492,-118.15284
"436","Miami","Florida","South",12,2013,62.752,768.300643346331,25.881391,-80.1276
"437","Houston","Texas","Central",9,2013,6.816,-745.947749938859,29.55283,-95.10265
"438","Seattle","Washington","West",11,2011,867.74,1467.60931462709,47.432251,-121.803388
"439","Jackson","Michigan","Central",2,2014,1239.833,-100.906628987083,42.252847,-84.213755
"440","Philadelphia","Pennsylvania","East",5,2014,458.43,-326.695379837431,40.09146,-74.97719
"441","Miami","Florida","South",6,2012,175.32,769.791407703422,25.881391,-80.1276
"442","Franklin","Wisconsin","Central",11,2011,392.94,100.657665287799,42.896145,-88.00891
"443","Louisville","Colorado","West",12,2012,6.848,420.382606914078,39.963322,-105.15053
"444","Miami","Florida","South",12,2014,47.96,-486.407852147851,25.881391,-80.1276
"445","San Diego","California","West",8,2014,36.024,376.531644247036,33.016928,-116.846046
"446","San Francisco","California","West",5,2014,48.88,139.083496739928,37.819423,-122.36966
"447","San Francisco","California","West",12,2013,100.25,462.723701076655,37.819423,-122.36966
"448","Los Angeles","California","West",2,2014,21.12,-95.1908619659225,33.997492,-118.15284
"449","Fairfield","Connecticut","East",11,2011,876.73,558.912680945054,41.189646,-73.23576
"450","Phoenix","Arizona","West",7,2014,1298.896,231.586799334415,33.422621,-111.723635
"451","Seattle","Washington","West",5,2011,136.96,711.400732566806,47.432251,-121.803388
"452","San Francisco","California","West",2,2014,129.3,556.74067601272,37.819423,-122.36966
"453","San Francisco","California","West",12,2014,36.672,960.632912444606,37.819423,-122.36966
"454","Springfield","Virginia","South",8,2011,13.36,1367.63810630557,38.778243,-77.18562
"455","Los Angeles","California","West",9,2012,61.44,-606.355682348047,33.997492,-118.15284
"456","Smyrna","Tennessee","South",2,2011,67.194,-802.73364331304,35.968513,-86.52231
"457","Clinton","Maryland","East",2,2014,23.12,1848.957702188,38.753264,-76.89913
"458","Chicago","Illinois","Central",6,2014,169.253,18.7408220753568,41.655423,-87.55365
"459","Philadelphia","Pennsylvania","East",4,2014,254.352,-173.410810941277,40.09146,-74.97719
"460","San Antonio","Texas","Central",11,2012,206.962,299.770831051021,29.449332,-98.290394
"461","Spokane","Washington","West",6,2014,136.26,-715.938371931174,47.665819,-117.21699
"462","Columbus","Ohio","East",6,2011,16.224,298.380172241072,39.924213,-82.86563
"463","Bristol","Tennessee","South",12,2013,42.9318,223.942546908656,36.561341,-82.16869
"464","Lawrence","Massachusetts","East",10,2014,89.26,-1092.48670162771,42.635443,-70.879123
"465","Springfield","Ohio","East",3,2011,330.588,-1009.64429037427,39.94831,-83.78205
"466","Carlsbad","New Mexico","West",11,2013,10.776,997.333291028524,32.408311,-104.29134
"467","Chicago","Illinois","Central",3,2012,257.4518,1506.41462036266,41.655423,-87.55365
"468","Columbus","Ohio","East",8,2011,85.96,-780.601453555661,39.924213,-82.86563
"469","Houston","Texas","Central",11,2013,279.944,-861.998821037996,29.55283,-95.10265
"470","Lancaster","Pennsylvania","East",11,2011,286.344,-895.532893230076,40.032664,-76.27575
"471","Rochester","New York","East",5,2012,632.856,-699.48442860182,43.143663,-77.51114
"472","Houston","Texas","Central",8,2012,27.216,86.2679712456447,29.55283,-95.10265
"473","Philadelphia","Pennsylvania","East",12,2014,588.008,393.12764563263,40.09146,-74.97719
"474","Los Angeles","California","West",2,2011,38.66,-118.385847389975,33.997492,-118.15284
"475","Detroit","Michigan","Central",2,2011,240.5,186.068500657697,42.410487,-82.94348
"476","Houston","Texas","Central",3,2012,31.92,252.586495365191,29.55283,-95.10265
"477","Raleigh","North Carolina","South",12,2013,863.928,179.001918526264,35.88224,-78.413371
"478","San Francisco","California","West",11,2014,901.762999999999,2304.36979070443,37.819423,-122.36966
"479","Baltimore","Maryland","East",4,2011,528.6538,-283.133301921538,39.341107,-76.54085
"480","Durham","North Carolina","South",10,2014,30.336,-1124.39737916332,35.966431,-78.83969
"481","Houston","Texas","Central",12,2013,812.68,-66.7199334498146,29.55283,-95.10265
"482","Milwaukee","Wisconsin","Central",4,2013,12.99,-232.90881723522,43.017412,-87.569664
"483","Newark","Delaware","East",10,2013,7.92,-88.8945609794173,39.564499,-75.597047
"484","Philadelphia","Pennsylvania","East",5,2014,14.2398,-163.226080303473,40.09146,-74.97719
"485","San Diego","California","West",11,2012,376.97,555.93353530021,33.016928,-116.846046
"486","Dallas","Texas","Central",4,2013,385.288,42.5431931455096,32.922499,-96.535191
"487","Fort Worth","Texas","Central",12,2011,4.984,159.178295210077,32.830932,-97.04778
"488","Houston","Texas","Central",11,2014,1105.861,-193.273670105467,29.55283,-95.10265
"489","Dallas","Texas","Central",11,2013,58.416,-195.69005922458,32.922499,-96.535191
"490","Phoenix","Arizona","West",12,2014,432.405,-45.8031148834125,33.422621,-111.723635
"491","San Francisco","California","West",7,2011,992.828,60.4611395424872,37.819423,-122.36966
"492","Dallas","Texas","Central",6,2014,720.76,445.037892147026,32.922499,-96.535191
"493","Jacksonville","Florida","South",12,2014,47.992,828.313633965663,30.287041,-81.389305
"494","Long Beach","New York","East",11,2013,53.49,-891.696015055844,40.588154,-73.66517
"495","Jackson","Mississippi","South",8,2014,866.4,1132.19599639857,32.313127,-89.799625
"496","Jacksonville","Florida","South",3,2011,91.056,469.879982719227,30.287041,-81.389305
"497","Austin","Texas","Central",11,2014,779.16,-310.42079760498,30.335787,-97.443751
"498","Los Angeles","California","West",11,2012,114.37,-776.799726287398,33.997492,-118.15284
"499","Oklahoma City","Oklahoma","Central",12,2011,479.96,-794.562534738565,35.535989,-97.202331
"500","Columbus","Georgia","South",9,2012,66.36,769.528729498285,32.491005,-84.874123
"501","Detroit","Michigan","Central",10,2012,188.23,103.674259285573,42.410487,-82.94348
"502","Philadelphia","Pennsylvania","East",7,2013,313.84,-389.44463693694,40.09146,-74.97719
"503","Seattle","Washington","West",5,2012,6.63,-215.789596994466,47.432251,-121.803388
"504","San Francisco","California","West",10,2011,73.584,687.060946835147,37.819423,-122.36966
"505","San Francisco","California","West",4,2011,48.91,1506.97184857941,37.819423,-122.36966
"506","Chicago","Illinois","Central",9,2012,39.368,-1570.79346258262,41.655423,-87.55365
"507","Seattle","Washington","West",8,2013,15.712,-1549.95366239604,47.432251,-121.803388
"508","San Francisco","California","West",7,2011,1136.092,63.550103933565,37.819423,-122.36966
"509","Chicago","Illinois","Central",12,2011,274.096,1054.2669232981,41.655423,-87.55365
"510","Baltimore","Maryland","East",8,2012,77.58,381.904123698041,39.341107,-76.54085
"511","Chicago","Illinois","Central",7,2014,67.304,573.321722594395,41.655423,-87.55365
"512","Jacksonville","North Carolina","South",11,2012,81.2668,699.862496366652,34.781212,-77.3756
"513","San Antonio","Texas","Central",3,2012,473.4,490.848718781373,29.449332,-98.290394
"514","San Francisco","California","West",10,2012,255.99,951.384451469421,37.819423,-122.36966
"515","Houston","Texas","Central",8,2014,151.056,-169.302795788331,29.55283,-95.10265
"516","Springfield","Missouri","Central",8,2011,886.28,-208.420745103998,37.859361,-92.705545
"517","Detroit","Michigan","Central",4,2012,180.96,532.358867769668,42.410487,-82.94348
"518","Los Angeles","California","West",6,2013,954.862999999999,788.433558659497,33.997492,-118.15284
"519","San Diego","California","West",6,2014,83.76,1226.67488746035,33.016928,-116.846046
"520","Phoenix","Arizona","West",7,2011,55.92,712.954623571335,33.422621,-111.723635
"521","Tulsa","Oklahoma","Central",2,2013,69.93,-768.617797146784,36.146897,-95.79958
"522","Watertown","New York","East",12,2011,901.762999999999,198.411573282472,44.030204,-75.81845
"523","San Diego","California","West",8,2012,151.9838,1427.80547214962,33.016928,-116.846046
"524","San Francisco","California","West",9,2014,6.57,213.552241186349,37.819423,-122.36966
"525","San Diego","California","West",11,2013,595,240.831897345473,33.016928,-116.846046
"526","Smyrna","Georgia","South",4,2013,17.92,-546.63788099536,33.87578,-84.50382
"527","Morristown","New Jersey","East",2,2013,7.56,968.685330624721,40.77975,-74.442797
"528","Rochester","Minnesota","Central",10,2014,26.15,-648.886557062753,43.988708,-92.42937
"529","San Francisco","California","West",11,2014,35.88,301.245640863592,37.819423,-122.36966
"530","Richmond","Kentucky","South",11,2014,26.4,-694.806864394341,37.745999,-84.28433
"531","San Francisco","California","West",11,2014,52.496,277.515542967885,37.819423,-122.36966
"532","Springfield","Virginia","South",11,2012,860.07,805.161992567184,38.778243,-77.18562
"533","Columbia","South Carolina","South",12,2014,23.88,-596.929258281001,34.091966,-80.87343
"534","Nashville","Tennessee","South",4,2013,158.256,76.5494046322419,36.103408,-86.66616
"535","San Francisco","California","West",8,2013,10.86,624.567875179768,37.819423,-122.36966
"536","Jackson","Michigan","Central",5,2011,46.8,214.610972797673,42.252847,-84.213755
"537","Springfield","Virginia","South",12,2013,901.762999999999,800.799976788607,38.778243,-77.18562
"538","Burlington","Iowa","Central",12,2014,44.75,1422.38205080219,40.814207,-91.11911
"539","Jacksonville","Florida","South",9,2013,4.8438,1304.78501090365,30.287041,-81.389305
"540","Columbia","South Carolina","South",5,2014,301.96,-84.5513074656192,34.091966,-80.87343
"541","Westland","Michigan","Central",10,2011,211.96,2091.65943814414,42.293787,-83.37464
"542","Los Angeles","California","West",9,2013,18.97,805.563757049895,33.997492,-118.15284
"543","Chicago","Illinois","Central",4,2012,213.115,373.400628228293,41.655423,-87.55365
"544","Charlotte","North Carolina","South",2,2014,383.992,118.336379631059,35.192919,-80.66822
"545","Chicago","Illinois","Central",7,2014,4.8438,55.9753275393014,41.655423,-87.55365
"546","Los Angeles","California","West",8,2013,5.76,569.359114207444,33.997492,-118.15284
"547","Marion","Iowa","Central",12,2013,115.84,773.289034163477,42.042648,-91.58262
"548","Seattle","Washington","West",6,2014,1047.503,739.149461424982,47.432251,-121.803388
"549","Columbia","Maryland","East",2,2012,901.762999999999,-1561.5947907364,39.207523,-76.82527
"550","Philadelphia","Pennsylvania","East",9,2013,7.872,-135.748086921885,40.09146,-74.97719
"551","Columbus","Georgia","South",11,2011,1022.61,974.711586616526,32.491005,-84.874123
"552","Los Angeles","California","West",7,2013,77.88,241.291602956917,33.997492,-118.15284
"553","Chicago","Illinois","Central",3,2011,583.358,507.967286536761,41.655423,-87.55365
"554","Chicago","Illinois","Central",8,2013,165.4438,628.082127083879,41.655423,-87.55365
"555","Philadelphia","Pennsylvania","East",8,2013,815.292,516.708941353616,40.09146,-74.97719
"556","Jacksonville","North Carolina","South",2,2014,29.664,-241.743602806542,34.781212,-77.3756
"557","Saint Charles","Illinois","Central",4,2013,30.344,358.08103034705,41.919808,-88.30498
"558","Fairfield","Connecticut","East",2,2013,181.797,-398.802460746854,41.189646,-73.23576
"559","Los Angeles","California","West",7,2014,87.92,135.192306534547,33.997492,-118.15284
"560","Plano","Texas","Central",7,2014,167.968,809.329650224216,33.19359,-96.569879
"561","Chicago","Illinois","Central",11,2013,141.576,84.677257910691,41.655423,-87.55365
"562","Lafayette","Indiana","Central",3,2014,81.4,320.365848598783,40.41836,-86.81847
"563","Philadelphia","Pennsylvania","East",12,2014,11.088,-27.2223430107988,40.09146,-74.97719
"564","Chicago","Illinois","Central",2,2014,512.368,-902.674393159337,41.655423,-87.55365
"565","Houston","Texas","Central",9,2013,168.168,-917.541432035927,29.55283,-95.10265
"566","Richmond","Kentucky","South",10,2014,204.98,-1376.81923109942,37.745999,-84.28433
"567","Rochester","New York","East",12,2014,33.376,-473.35530447989,43.143663,-77.51114
"568","Austin","Texas","Central",4,2014,106.104,216.064812708602,30.335787,-97.443751
"569","Chicago","Illinois","Central",11,2014,182.97,139.918942533841,41.655423,-87.55365
"570","Oklahoma City","Oklahoma","Central",7,2014,935.74,602.717881473553,35.535989,-97.202331
"571","San Diego","California","West",7,2012,519.96,1262.77379770641,33.016928,-116.846046
"572","San Jose","California","West",8,2013,165.13,2566.67006332744,37.189396,-121.705327
"573","Raleigh","North Carolina","South",11,2012,177.48,430.14128711645,35.88224,-78.413371
"574","Houston","Texas","Central",8,2012,467.6532,-327.301309611255,29.55283,-95.10265
"575","Riverside","California","West",12,2012,147.44,1767.00270594817,33.752886,-116.055617
"576","Seattle","Washington","West",8,2013,33.44,72.434957431833,47.432251,-121.803388
"577","Fairfield","Connecticut","East",11,2011,11.64,786.288719891105,41.189646,-73.23576
"578","Phoenix","Arizona","West",12,2011,901.762999999999,783.655872999647,33.422621,-111.723635
"579","Houston","Texas","Central",12,2014,12.16,774.478256514049,29.55283,-95.10265
"580","Lafayette","Indiana","Central",5,2013,21.4,1470.89459172748,40.41836,-86.81847
"581","Los Angeles","California","West",9,2012,351.916,884.309335792481,33.997492,-118.15284
"582","Seattle","Washington","West",5,2014,129.6,932.405596889235,47.432251,-121.803388
"583","Los Angeles","California","West",8,2014,148.02,297.42406418985,33.997492,-118.15284
"584","Los Angeles","California","West",9,2012,22.96,419.644565501862,33.997492,-118.15284
"585","Chicago","Illinois","Central",12,2013,44.4518,742.522337938804,41.655423,-87.55365
"586","Detroit","Michigan","Central",6,2011,6.08,176.466620636464,42.410487,-82.94348
"587","Seattle","Washington","West",4,2014,901.2,480.637572623062,47.432251,-121.803388
"588","Lafayette","Indiana","Central",3,2014,283.18,1666.67478584067,40.41836,-86.81847
"589","Wilmington","North Carolina","South",5,2013,4.8438,408.040173841451,34.212707,-77.792177
"590","Chicago","Illinois","Central",4,2014,7.056,-1661.60193179942,41.655423,-87.55365
"591","Jacksonville","Florida","South",4,2014,284.19,-1778.44933026875,30.287041,-81.389305
"592","San Jose","California","West",5,2014,133.12,-26.9728303828888,37.189396,-121.705327
"593","Los Angeles","California","West",5,2012,1790.541,112.737695918215,33.997492,-118.15284
"594","Houston","Texas","Central",3,2011,176.772,44.0352842808643,29.55283,-95.10265
"595","Plano","Texas","Central",6,2011,1354.9814,988.507771439254,33.19359,-96.569879
"596","Henderson","Kentucky","South",11,2014,27.58,53.9226836332964,37.825094,-87.56055
"597","Jackson","Michigan","Central",6,2013,377.97,623.50942361333,42.252847,-84.213755
"598","Los Angeles","California","West",5,2013,310.56,-10.0986304263206,33.997492,-118.15284
"599","Los Angeles","California","West",11,2011,1037.19,314.067989101633,33.997492,-118.15284
"600","Minneapolis","Minnesota","Central",9,2011,1352.003,-312.049881517101,45.168287,-93.20001
"601","Los Angeles","California","West",8,2013,1353.829,1093.20259602097,33.997492,-118.15284
"602","Seattle","Washington","West",8,2014,16.06,1343.7713905249,47.432251,-121.803388
"603","Atlanta","Georgia","South",5,2014,1634.463,1276.76528756002,33.891251,-84.07456
"604","Lancaster","Pennsylvania","East",10,2014,142.98,331.953770549386,40.032664,-76.27575
"605","Philadelphia","Pennsylvania","East",9,2012,7.656,715.895231918999,40.09146,-74.97719
"606","Los Angeles","California","West",9,2014,99.2,-144.10674703143,33.997492,-118.15284
"607","Miami","Florida","South",10,2012,53.4338,-567.225669051782,25.881391,-80.1276
"608","Fort Lauderdale","Florida","South",9,2013,519.68,-455.814538817314,26.196911,-80.095165
"609","Houston","Texas","Central",10,2014,37.208,-60.1690032153419,29.55283,-95.10265
"610","Richmond","Indiana","Central",8,2014,177.2,503.095791606087,39.831061,-84.89067
"611","Richmond","Indiana","Central",11,2012,714.3,706.094740204469,39.831061,-84.89067
"612","Philadelphia","Pennsylvania","East",3,2013,2550.587,-64.9042757713032,40.09146,-74.97719
"613","Philadelphia","Pennsylvania","East",6,2013,465.2918,56.2633951582538,40.09146,-74.97719
"614","San Antonio","Texas","Central",11,2014,749.892,325.919673360942,29.449332,-98.290394
"615","Chicago","Illinois","Central",6,2014,683.022,1822.12136362359,41.655423,-87.55365
"616","Arlington","Virginia","South",2,2013,956.852999999999,1278.69057856069,38.86045,-77.051569
"617","Dallas","Texas","Central",8,2014,5.952,1200.15274775733,32.922499,-96.535191
"618","San Jose","California","West",9,2011,210.13,3118.34180107147,37.189396,-121.705327
"619","Columbus","Ohio","East",11,2014,29.392,-504.986351566753,39.924213,-82.86563
"620","Houston","Texas","Central",9,2012,28.524,-624.667281927366,29.55283,-95.10265
"621","San Diego","California","West",10,2011,36.36,84.9620207246626,33.016928,-116.846046
"622","Florence","South Carolina","South",3,2012,59.48,-961.826048309129,34.062999,-79.650627
"623","Dallas","Texas","Central",10,2014,24.288,-63.5231740207819,32.922499,-96.535191
"624","Denver","Colorado","West",12,2013,18.72,-38.2727174418396,39.738752,-104.408349
"625","Smyrna","Tennessee","South",9,2013,104.712,-46.0925284064288,35.968513,-86.52231
"626","Fairfield","Connecticut","East",12,2013,840,481.315041771959,41.189646,-73.23576
"627","Houston","Texas","Central",4,2014,97.264,-253.844024093953,29.55283,-95.10265
"628","Salem","Oregon","West",9,2014,4.8438,1509.7321174698,44.984465,-122.457024
"629","Chicago","Illinois","Central",11,2011,15.696,599.820915090851,41.655423,-87.55365
"630","Los Angeles","California","West",5,2014,37.52,45.3988860543177,33.997492,-118.15284
"631","Omaha","Nebraska","Central",12,2012,128.36,202.295086615457,41.240562,-95.93353
"632","Chicago","Illinois","Central",9,2014,762.594,875.327387266807,41.655423,-87.55365
"633","Los Angeles","California","West",11,2012,19.46,848.597341547837,33.997492,-118.15284
"634","Roseville","Michigan","Central",6,2013,8.02,60.3961611651175,42.503285,-82.93851
"635","Pasadena","Texas","Central",11,2013,329.972,362.179795927179,29.624686,-95.06111
"636","Columbia","Tennessee","South",9,2014,458.984,842.701013158614,35.619784,-87.03565
"637","Philadelphia","Pennsylvania","East",10,2013,351.968,326.93815612841,40.09146,-74.97719
"638","Buffalo","New York","East",11,2014,198.55,343.265780459318,42.977456,-78.73356
"639","Philadelphia","Pennsylvania","East",9,2014,1429.2664,125.687295195123,40.09146,-74.97719
"640","San Francisco","California","West",12,2013,955.682999999999,574.207570965984,37.819423,-122.36966
"641","Tampa","Florida","South",8,2014,4.8438,-522.185139770794,28.130402,-82.337751
"642","Chicago","Illinois","Central",11,2013,22.752,-1148.04017474908,41.655423,-87.55365
"643","Omaha","Nebraska","Central",11,2011,89.97,-1463.20831036443,41.240562,-95.93353
"644","Philadelphia","Pennsylvania","East",12,2011,99.136,588.786514235369,40.09146,-74.97719
"645","Rochester","Minnesota","Central",9,2012,43,-196.602803804868,43.988708,-92.42937
"646","Chicago","Illinois","Central",10,2014,23.992,815.539047972125,41.655423,-87.55365
"647","Los Angeles","California","West",11,2011,53.82,789.335417444381,33.997492,-118.15284
"648","San Francisco","California","West",4,2013,6.12,789.183125224037,37.819423,-122.36966
"649","Los Angeles","California","West",6,2014,61.5538,-4.32643214262498,33.997492,-118.15284
"650","Atlanta","Georgia","South",9,2014,4.8438,492.430257403015,33.891251,-84.07456
"651","Philadelphia","Pennsylvania","East",11,2012,1012.733,-161.782438318798,40.09146,-74.97719
"652","San Francisco","California","West",8,2011,45.98,369.8980662104,37.819423,-122.36966
"653","Columbus","Ohio","East",9,2013,109.5678,823.191789380333,39.924213,-82.86563
"654","Houston","Texas","Central",4,2011,1190.53,582.343188090148,29.55283,-95.10265
"655","Troy","Ohio","East",11,2013,31.104,1696.65608499464,40.036525,-84.20629
"656","Los Angeles","California","West",10,2012,439.536,564.973396348112,33.997492,-118.15284
"657","Philadelphia","Pennsylvania","East",5,2012,1058.188,440.993863076073,40.09146,-74.97719
"658","Miami","Florida","South",8,2013,31.008,336.333810475044,25.881391,-80.1276
"659","Columbus","Ohio","East",10,2013,235.152,1872.71746404028,39.924213,-82.86563
"660","Dallas","Texas","Central",7,2013,15.576,1808.5102401866,32.922499,-96.535191
"661","Peoria","Arizona","West",12,2014,67.86,1395.67456095597,33.276539,-112.18717
"662","Aurora","Illinois","Central",10,2014,239.358,737.951662257692,41.839679,-88.088716
"663","Philadelphia","Pennsylvania","East",12,2012,74.048,-374.575468460156,40.09146,-74.97719
"664","Springfield","Ohio","East",7,2011,53.344,-551.209312673323,39.94831,-83.78205
"665","Lafayette","Louisiana","South",9,2012,85.98,-444.888435139874,30.156506,-92.000019
"666","Rochester","New York","East",6,2012,901.762999999999,194.049940184646,43.143663,-77.51114
"667","Tampa","Florida","South",7,2014,7.904,-591.675363141549,28.130402,-82.337751
"668","Lancaster","Ohio","East",7,2014,279.004,-2084.45840290855,39.712887,-82.61216
"669","San Francisco","California","West",9,2013,46.53,1001.32732194875,37.819423,-122.36966
"670","Quincy","Massachusetts","East",8,2013,549.775,-508.533247732077,42.250739,-70.99593
"671","Riverside","California","West",11,2014,7.8,1039.51491259394,33.752886,-116.055617
"672","Jacksonville","North Carolina","South",12,2011,95.968,144.113619251308,34.781212,-77.3756
"673","Los Angeles","California","West",3,2014,170.872,488.229730471852,33.997492,-118.15284
"674","Seattle","Washington","West",2,2011,97.112,862.071856670227,47.432251,-121.803388
"675","Fairfield","Ohio","East",10,2011,531.382,1272.84533540574,39.330356,-84.55277
"676","Milwaukee","Wisconsin","Central",12,2013,754.45,161.981766987083,43.017412,-87.569664
"677","Lafayette","Indiana","Central",10,2013,1738.553,2522.4230661585,40.41836,-86.81847
"678","Seattle","Washington","West",11,2013,7.312,2065.23893379785,47.432251,-121.803388
"679","Lakewood","Ohio","East",7,2014,76.776,-861.729464503296,41.480881,-81.80036
"680","Arlington","Virginia","South",9,2012,61.96,193.510182986662,38.86045,-77.051569
"681","Columbus","Ohio","East",12,2014,4.8438,-104.071404656599,39.924213,-82.86563
"682","Los Angeles","California","West",11,2013,129.032,-75.1112776692753,33.997492,-118.15284
"683","San Francisco","California","West",7,2013,425.954,127.735378708763,37.819423,-122.36966
"684","Portland","Oregon","West",7,2014,4.8438,54.5933905596321,45.173284,-122.259861
"685","San Diego","California","West",2,2013,1055.331,611.00283343473,33.016928,-116.846046
"686","Long Beach","California","West",9,2012,187.94,1083.01242777937,33.823316,-118.11329
"687","Tampa","Florida","South",3,2011,919.251799999999,431.306764857931,28.130402,-82.337751
"688","Newark","Delaware","East",9,2011,11.12,766.474031490114,39.564499,-75.597047
"689","Providence","Rhode Island","East",7,2013,12.96,149.088535984934,41.83635,-71.39427
"690","Los Angeles","California","West",11,2013,32.4,103.933599415876,33.997492,-118.15284
"691","Burlington","North Carolina","South",10,2014,901.762999999999,1691.16701949685,36.046677,-79.389631
"692","Detroit","Michigan","Central",6,2014,564.6838,1203.56086247799,42.410487,-82.94348
"693","San Francisco","California","West",2,2014,384.176,-216.25481956311,37.819423,-122.36966
"694","Phoenix","Arizona","West",4,2013,1217.456,-371.672855118421,33.422621,-111.723635
"695","San Diego","California","West",12,2013,21.21,251.657806850155,33.016928,-116.846046
"696","Tallahassee","Florida","South",9,2013,431.976,-495.13599260553,30.531677,-84.16049
"697","Columbus","Georgia","South",9,2013,254.99,197.287180627201,32.491005,-84.874123
"698","Detroit","Michigan","Central",12,2014,1598.503,-428.704481133551,42.410487,-82.94348
"699","Rochester","Minnesota","Central",12,2014,551.55,-757.832022028044,43.988708,-92.42937
"700","Houston","Texas","Central",2,2014,398.6038,538.427621490511,29.55283,-95.10265
"701","Seattle","Washington","West",9,2014,12.96,1261.80409287034,47.432251,-121.803388
"702","Seattle","Washington","West",9,2013,74,-217.71806621131,47.432251,-121.803388
"703","San Francisco","California","West",11,2011,1075.37,-268.454148898789,37.819423,-122.36966
"704","Chicago","Illinois","Central",8,2012,901.762999999999,423.377624459914,41.655423,-87.55365
"705","Los Angeles","California","West",10,2011,1252.602,355.731939906531,33.997492,-118.15284
"706","Seattle","Washington","West",7,2011,901.762999999999,341.186487363113,47.432251,-121.803388
"707","Columbia","Tennessee","South",12,2011,732.312,1144.51076876438,35.619784,-87.03565
"708","Springfield","Ohio","East",9,2013,295.4,674.211958091822,39.94831,-83.78205
"709","San Francisco","California","West",8,2012,158.672,767.179918062277,37.819423,-122.36966
"710","Aurora","Illinois","Central",4,2013,23.952,2211.40066000661,41.839679,-88.088716
"711","San Francisco","California","West",12,2014,5.76,1504.89892065154,37.819423,-122.36966
"712","Columbia","Tennessee","South",2,2012,551.264,2605.2118902951,35.619784,-87.03565
"713","Jackson","Mississippi","South",5,2013,185.88,2705.31048145733,32.313127,-89.799625
"714","San Francisco","California","West",5,2014,14.6838,-274.461609691265,37.819423,-122.36966
"715","Chicago","Illinois","Central",9,2011,331.536,170.560721370712,41.655423,-87.55365
"716","San Francisco","California","West",12,2014,678.1,979.743727378314,37.819423,-122.36966
"717","La Porte","Texas","Central",10,2013,30.392,808.62196676842,29.666781,-95.04487
"718","Philadelphia","Pennsylvania","East",11,2012,258.495,1614.41546346861,40.09146,-74.97719
"719","Philadelphia","Pennsylvania","East",12,2014,92.7638,1572.97340944297,40.09146,-74.97719
"720","Chicago","Illinois","Central",11,2013,68.112,305.844633151311,41.655423,-87.55365
"721","Oakland","California","West",12,2014,901.762999999999,-447.269798402718,37.680181,-121.921498
"722","Seattle","Washington","West",8,2014,1869.466,231.588276972849,47.432251,-121.803388
"723","Aurora","Colorado","West",9,2012,22.2236,641.456330862246,39.80797,-104.407918
"724","Salem","Oregon","West",3,2013,132.709,744.736465928348,44.984465,-122.457024
